{
    "decision_tree": {
        "accuracy": 0.8838383838383839,
        "precision": 0.8875637532335078,
        "recall": 0.8838383838383839,
        "f1_score": 0.8831857105612382
    },
    "kmeans": {
        "silhouette_score": 0.20146293935574336,
        "davies_bouldin_index": 1.6805499705539584,
        "n_clusters": 3,
        "inertia": 7714.537239929709
    },
    "linear_regression": {
        "rmse": 1118.2216836109021,
        "mae": 847.2689060608777,
        "r2_score": 0.5757248081920494
    },
    "_saved_at": "2026-05-23T15:04:12.917118"
}